{"16:36:29.720483": {"model": "captcha_cnn", "fold": 0, "epoch": 1, "val_err": 1.5071714495479351}, "16:39:04.934330": {"model": "captcha_cnn", "fold": 0, "epoch": 2, "val_err": 1.2155767026880966}, "16:41:36.671213": {"model": "captcha_cnn", "fold": 0, "epoch": 3, "val_err": 1.1897556479086049}, "16:44:08.665335": {"model": "captcha_cnn", "fold": 0, "epoch": 4, "val_err": 1.05034887171895}, "16:46:44.049082": {"model": "captcha_cnn", "fold": 0, "epoch": 5, "val_err": 1.0296840423192732}, "16:49:16.869063": {"model": "captcha_cnn", "fold": 0, "epoch": 6, "val_err": 1.055978086756646}, "16:51:48.787312": {"model": "captcha_cnn", "fold": 0, "epoch": 7, "val_err": 1.0258332485702353}}