{"15:41:23.816666": {"model": "captcha_cnn", "fold": 0, "epoch": 1, "val_err": 1.5071714495479351}, "15:43:50.342458": {"model": "captcha_cnn", "fold": 0, "epoch": 2, "val_err": 1.2155767026880966}, "15:46:16.855109": {"model": "captcha_cnn", "fold": 0, "epoch": 3, "val_err": 1.1897556479086049}, "15:48:42.962981": {"model": "captcha_cnn", "fold": 0, "epoch": 4, "val_err": 1.05034887171895}, "15:51:08.750611": {"model": "captcha_cnn", "fold": 0, "epoch": 5, "val_err": 1.0296840423192732}, "15:53:34.195095": {"model": "captcha_cnn", "fold": 0, "epoch": 6, "val_err": 1.055978086756646}, "15:55:58.245382": {"model": "captcha_cnn", "fold": 1, "epoch": 1, "val_err": 1.411752497363098}, "15:58:24.443603": {"model": "captcha_cnn", "fold": 1, "epoch": 2, "val_err": 1.3937561421756786}, "16:00:51.069256": {"model": "captcha_cnn", "fold": 1, "epoch": 3, "val_err": 1.4728186001507684}, "16:03:17.553588": {"model": "captcha_cnn", "fold": 1, "epoch": 4, "val_err": 1.381657274954387}, "16:05:43.885868": {"model": "captcha_cnn", "fold": 1, "epoch": 5, "val_err": 1.3542833164180486}, "16:08:10.114682": {"model": "captcha_cnn", "fold": 1, "epoch": 6, "val_err": 1.2307334281818771}}