{"15:33:25.194508": {"model": "captcha_cnn", "fold": 0, "epoch": 1, "val_err": 1.4777524165618114}}