{"16:36:29.720483": {"model": "captcha_cnn", "fold": 0, "epoch": 1, "val_err": 1.5071714495479351}, "16:39:04.934330": {"model": "captcha_cnn", "fold": 0, "epoch": 2, "val_err": 1.2155767026880966}, "16:41:36.671213": {"model": "captcha_cnn", "fold": 0, "epoch": 3, "val_err": 1.1897556479086049}, "16:44:08.665335": {"model": "captcha_cnn", "fold": 0, "epoch": 4, "val_err": 1.05034887171895}, "16:46:44.049082": {"model": "captcha_cnn", "fold": 0, "epoch": 5, "val_err": 1.0296840423192732}, "16:49:16.869063": {"model": "captcha_cnn", "fold": 0, "epoch": 6, "val_err": 1.055978086756646}, "16:51:48.787312": {"model": "captcha_cnn", "fold": 0, "epoch": 7, "val_err": 1.0258332485702353}, "16:54:20.698633": {"model": "captcha_cnn", "fold": 1, "epoch": 1, "val_err": 1.4679720099732247}, "16:57:01.921812": {"model": "captcha_cnn", "fold": 1, "epoch": 2, "val_err": 1.2044140258206775}, "16:59:42.720457": {"model": "captcha_cnn", "fold": 1, "epoch": 3, "val_err": 1.0797294154926356}, "17:02:11.203341": {"model": "captcha_cnn", "fold": 1, "epoch": 4, "val_err": 1.0346562889989257}, "17:04:39.051384": {"model": "captcha_cnn", "fold": 1, "epoch": 5, "val_err": 1.035555203855131}, "17:07:06.026622": {"model": "captcha_cnn", "fold": 1, "epoch": 6, "val_err": 0.9987595008990897}, "17:09:32.739749": {"model": "captcha_cnn", "fold": 1, "epoch": 7, "val_err": 1.0012798046819635}, "17:11:58.559722": {"model": "captcha_cnn", "fold": 2, "epoch": 1, "val_err": 1.4978297820939919}, "17:14:25.278475": {"model": "captcha_cnn", "fold": 2, "epoch": 2, "val_err": 1.2262967503141677}, "17:16:51.981595": {"model": "captcha_cnn", "fold": 2, "epoch": 3, "val_err": 1.146513019236021}, "17:19:18.257222": {"model": "captcha_cnn", "fold": 2, "epoch": 4, "val_err": 1.0852681733609588}, "17:21:44.550745": {"model": "captcha_cnn", "fold": 2, "epoch": 5, "val_err": 1.0675550430388536}, "17:24:10.814949": {"model": "captcha_cnn", "fold": 2, "epoch": 6, "val_err": 1.0538206109412953}, "17:26:37.079039": {"model": "captcha_cnn", "fold": 2, "epoch": 7, "val_err": 1.054399807154107}}